Species	Ndna	OrthofinderID	GeneID	collapseID	TPStype	OG	Gene Tree Parent Clade
Frullania_moniliata	957	957-Frullania_moniliata	g3654.t1	g3654_t1_0_Frullania_moniliata_957	bacterial	OG0005397	n0
Plagiochila_semidecurrens	369	369-Plagiochila_semidecurrens	g16530.t1	g16530_t1_0_Plagiochila_semidecurrens_369	bacterial	OG0005397	n0
Plagiochila_semidecurrens	369	369-Plagiochila_semidecurrens	g17265.t1	g17265_t1_0_Plagiochila_semidecurrens_369	bacterial	OG0005397	n0
Porella_platyphylla	630	630-Porella_platyphylla	g10187.t1	g10187_t1_0_Porella_platyphylla_630	bacterial	OG0005397	n0
Porella_chinensis	1025	1025-Porella_chinensis	jg34470.t1	jg34470_t1_0_Porella_chinensis_1025	bacterial	OG0005397	n0
Porella_caespitans_var_nipponica	1017	1017-Porella_caespitans_var_nipponica	jg9189.t1	jg9189_t1_0_Porella_caespitans_var._nipponica_1017	bacterial	OG0005397	n0
Tritomaria_exsectiformis	966	966-Tritomaria_exsectiformis	g22439.t1	g22439_t1_0_Tritomaria_exsectiformis_966	bacterial	OG0005397	n0
Plicanthus_hirtellus	963	963-Plicanthus_hirtellus	jg18367.t1	jg18367_t1_0_Plicanthus_hirtellus_963	bacterial	OG0005397	n0
Plicanthus_hirtellus	963	963-Plicanthus_hirtellus	jg6385.t1	jg6385_t1_0_Plicanthus_hirtellus_963	bacterial	OG0005397	n0
Tetralophozia_filiformis	965	965-Tetralophozia_filiformis	g9884.t1	g9884_t1_0_Tetralophozia_filiformis_965	bacterial	OG0005397	n0
Scapania_nepalensis	359	359-Scapania_nepalensis	g28054.t1	g28054_t1_0_Scapania_nepalensis_359	bacterial	OG0005397	n0
Tritomaria_exsectiformis	966	966-Tritomaria_exsectiformis	g8475.t1	g8475_t1_0_Tritomaria_exsectiformis_966	bacterial	OG0005397	n0
Odontoschisma_sphagni	343	343-Odontoschisma_sphagni	g51.t1	g51_t1_0_Odontoschisma_sphagni_343	bacterial	OG0005397	n0
Mesoptychia_sp	623	623-Mesoptychia_sp	g27064.t1	g27064_t1_0_Mesoptychia_sp._623	bacterial	OG0005397	n0
Lepidozia_reptans	961	961-Lepidozia_reptans	g13703.t1	g13703_t1_0_Lepidozia_reptans_961	bacterial	OG0005397	n0
Bazzania_tridens	1026	1026-Bazzania_tridens	jg7835.t1	jg7835_t1_0_Bazzania_tridens_1026	bacterial	OG0005397	n0
Vetaforma_dusenii	620	620-Vetaforma_dusenii	g19279.t1	g19279_t1_0_Vetaforma_dusenii_620	bacterial	OG0005397	n0
Herbertus_kurzii	906	906-Herbertus_kurzii	jg20087.t1	jg20087_t1_0_Herbertus_kurzii_906	bacterial	OG0005397	n0
Conocephalum_conicum	664	664-Conocephalum_conicum	jg14249.t1	jg14249_t1_0_Conocephalum_conicum_664	bacterial	OG0005397	n0
Riccia_cavernosa	653	653-Riccia_cavernosa	jg21313.t1	jg21313_t1_0_Riccia_cavernosa_653	bacterial	OG0005397	n0
Ricciocarpos_natans	909	909-Ricciocarpos_natans	jg13244.t1	jg13244_t1_0_Ricciocarpos_natans_909	bacterial	OG0005397	n0
Blasia_pusilla	349	349-Blasia_pusilla	g2669.t1	g2669_t1_0_Blasia_pusilla_349	bacterial	OG0005397	n0
Blasia_pusilla	890	890-Blasia_pusilla	jg8569.t1	jg8569_t1_0_Blasia_pusilla_890	bacterial	OG0005397	n0
Plagiochila_sp	621	621-Plagiochila_sp	g15677.t1	g15677_t1_0_Plagiochila_sp._621	bacterial	OG0005397	n0
Ptilidium_ciliare	225	225-Ptilidium_ciliare	jg978.t1	jg978_t1_0_Ptilidium_ciliare_225	bacterial	OG0005397	n0
Ptilidium_ciliare	225	225-Ptilidium_ciliare	jg4047.t1	jg4047_t1_0_Ptilidium_ciliare_225	bacterial	OG0005397	n0
Porella_platyphylla	630	630-Porella_platyphylla	g20879.t1	g20879_t1_0_Porella_platyphylla_630	bacterial	OG0005397	n0
Porella_platyphylla	630	630-Porella_platyphylla	g6292.t1	g6292_t1_0_Porella_platyphylla_630	bacterial	OG0005397	n0
Porella_chinensis	1025	1025-Porella_chinensis	jg33260.t1	jg33260_t1_0_Porella_chinensis_1025	bacterial	OG0005397	n0
Porella_chinensis	1025	1025-Porella_chinensis	jg28529.t1	jg28529_t1_0_Porella_chinensis_1025	bacterial	OG0005397	n0
Treubia_lacunosa	1016	1016-Treubia_lacunosa	jg9611.t1	jg9611_t1_0_Treubia_lacunosa_1016	bacterial	OG0000123	n73
Treubia_lacunosa	1016	1016-Treubia_lacunosa	jg18652.t1	jg18652_t1_0_Treubia_lacunosa_1016	bacterial	OG0000123	n73
Treubia_lacunosa	1016	1016-Treubia_lacunosa	jg20422.t1	jg20422_t1_0_Treubia_lacunosa_1016	bacterial	OG0000123	n73
Treubia_lacunosa	1016	1016-Treubia_lacunosa	jg2056.t1	jg2056_t1_0_Treubia_lacunosa_1016	bacterial	OG0000123	n73
Haplomitrium_mnioides	302	302-Haplomitrium_mnioides	jg18603.t1	jg18603_t1_0_Haplomitrium_mnioides_302	bacterial	OG0000123	n2
Haplomitrium_mnioides	302	302-Haplomitrium_mnioides	jg4562.t1	jg4562_t1_0_Haplomitrium_mnioides_302	bacterial	OG0000123	n2
Haplomitrium_mnioides	302	302-Haplomitrium_mnioides	jg8099.t1	jg8099_t1_0_Haplomitrium_mnioides_302	bacterial	OG0000123	n2
Haplomitrium_mnioides	302	302-Haplomitrium_mnioides	jg932.t1	jg932_t1_0_Haplomitrium_mnioides_302	bacterial	OG0000123	n2
Noteroclada_confluens	625	625-Noteroclada_confluens	g16307.t1	g16307_t1_0_Noteroclada_confluens_625	bacterial	OG0000123	n73
Noteroclada_confluens	625	625-Noteroclada_confluens	g48388.t1	g48388_t1_0_Noteroclada_confluens_625	bacterial	OG0000123	n73
Metzgeria_furcata	368	368-Metzgeria_furcata	g10400.t1	g10400_t1_0_Metzgeria_furcata_368	bacterial	OG0000123	n73
Noteroclada_confluens	625	625-Noteroclada_confluens	g21633.t1	g21633_t1_0_Noteroclada_confluens_625	bacterial	OG0000123	n73
Mesoptychia_sp	623	623-Mesoptychia_sp	g27578.t1	g27578_t1_0_Mesoptychia_sp._623	bacterial	OG0000123	n176
Porella_platyphylla	630	630-Porella_platyphylla	g3010.t1	g3010_t1_0_Porella_platyphylla_630	bacterial	OG0000123	n176
Porella_caespitans_var_nipponica	1017	1017-Porella_caespitans_var_nipponica	jg1455.t1	jg1455_t1_0_Porella_caespitans_var._nipponica_1017	bacterial	OG0000123	n176
Porella_chinensis	1025	1025-Porella_chinensis	jg30808.t1	jg30808_t1_0_Porella_chinensis_1025	bacterial	OG0000123	n176
Porella_platyphylla	630	630-Porella_platyphylla	g898.t1	g898_t1_0_Porella_platyphylla_630	bacterial	OG0000123	n176
Vetaforma_dusenii	620	620-Vetaforma_dusenii	g28308.t1	g28308_t1_0_Vetaforma_dusenii_620	bacterial	OG0000123	n176
Tritomaria_exsectiformis	966	966-Tritomaria_exsectiformis	g5874.t1	g5874_t1_0_Tritomaria_exsectiformis_966	bacterial	OG0000123	n73
Odontoschisma_sphagni	343	343-Odontoschisma_sphagni	g10073.t1	g10073_t1_0_Odontoschisma_sphagni_343	bacterial	OG0000123	n176
Tetralophozia_filiformis	965	965-Tetralophozia_filiformis	g13165.t1	g13165_t1_0_Tetralophozia_filiformis_965	bacterial	OG0000123	n176
Tetralophozia_filiformis	965	965-Tetralophozia_filiformis	g4058.t1	g4058_t1_0_Tetralophozia_filiformis_965	bacterial	OG0000123	n176
Mesoptychia_sp	623	623-Mesoptychia_sp	g2879.t1	g2879_t1_0_Mesoptychia_sp._623	bacterial	OG0000123	n176
Scapania_nepalensis	359	359-Scapania_nepalensis	g34435.t1	g34435_t1_0_Scapania_nepalensis_359	bacterial	OG0000123	n176
Plicanthus_hirtellus	963	963-Plicanthus_hirtellus	jg12450.t1	jg12450_t1_0_Plicanthus_hirtellus_963	bacterial	OG0000123	n176
Tetralophozia_filiformis	965	965-Tetralophozia_filiformis	g7481.t1	g7481_t1_0_Tetralophozia_filiformis_965	bacterial	OG0000123	n176
Pallavicinia_ambigua	912	912-Pallavicinia_ambigua	jg7640.t1	jg7640_t1_0_Pallavicinia_ambigua_912	bacterial	OG0000123	n73
Pallavicinia_ambigua	912	912-Pallavicinia_ambigua	jg7641.t1	jg7641_t1_0_Pallavicinia_ambigua_912	bacterial	OG0000123	n73
Porella_chinensis	1025	1025-Porella_chinensis	jg28835.t1	jg28835_t1_0_Porella_chinensis_1025	bacterial	OG0000123	n73
Frullania_moniliata	957	957-Frullania_moniliata	g2665.t1	g2665_t1_0_Frullania_moniliata_957	bacterial	OG0000123	n73
Porella_chinensis	1025	1025-Porella_chinensis	jg18010.t1	jg18010_t1_0_Porella_chinensis_1025	bacterial	OG0000123	n73
Porella_chinensis	1025	1025-Porella_chinensis	jg24418.t1	jg24418_t1_0_Porella_chinensis_1025	bacterial	OG0000123	n73
Porella_platyphylla	630	630-Porella_platyphylla	g12138.t1	g12138_t1_0_Porella_platyphylla_630	bacterial	OG0000123	n73
Porella_platyphylla	630	630-Porella_platyphylla	g535.t1	g535_t1_0_Porella_platyphylla_630	bacterial	OG0000123	n73
Lepidozia_reptans	961	961-Lepidozia_reptans	g13158.t1	g13158_t1_0_Lepidozia_reptans_961	bacterial	OG0000123	n73
Tetralophozia_filiformis	965	965-Tetralophozia_filiformis	g15480.t1	g15480_t1_0_Tetralophozia_filiformis_965	bacterial	OG0000123	n73
Plicanthus_hirtellus	963	963-Plicanthus_hirtellus	jg12931.t1	jg12931_t1_0_Plicanthus_hirtellus_963	bacterial	OG0000123	n73
Lepidozia_reptans	961	961-Lepidozia_reptans	g3763.t1	g3763_t1_0_Lepidozia_reptans_961	bacterial	OG0000123	n73
Acrobolbus_urvilleanus	626	626-Acrobolbus_urvilleanus	g27059.t1	g27059_t1_0_Acrobolbus_urvilleanus_626	bacterial	OG0000123	n73
Lepidozia_reptans	961	961-Lepidozia_reptans	g18459.t1	g18459_t1_0_Lepidozia_reptans_961	bacterial	OG0000123	n73
Scapania_nepalensis	359	359-Scapania_nepalensis	g11639.t1	g11639_t1_0_Scapania_nepalensis_359	bacterial	OG0000123	n73
Bazzania_tridens	1026	1026-Bazzania_tridens	jg10271.t1	jg10271_t1_0_Bazzania_tridens_1026	bacterial	OG0000123	n73
Plagiochila_semidecurrens	369	369-Plagiochila_semidecurrens	g26034.t1	g26034_t1_0_Plagiochila_semidecurrens_369	bacterial	OG0000123	n73
Tritomaria_exsectiformis	966	966-Tritomaria_exsectiformis	g8119.t1	g8119_t1_0_Tritomaria_exsectiformis_966	bacterial	OG0000123	n73
Tritomaria_exsectiformis	966	966-Tritomaria_exsectiformis	g5541.t1	g5541_t1_0_Tritomaria_exsectiformis_966	bacterial	OG0000123	n73
Plicanthus_hirtellus	963	963-Plicanthus_hirtellus	jg21152.t1	jg21152_t1_0_Plicanthus_hirtellus_963	bacterial	OG0000123	n73
Herbertus_kurzii	906	906-Herbertus_kurzii	jg12762.t1	jg12762_t1_0_Herbertus_kurzii_906	bacterial	OG0000123	n73
Plagiochila_semidecurrens	369	369-Plagiochila_semidecurrens	g25053.t1	g25053_t1_0_Plagiochila_semidecurrens_369	bacterial	OG0000123	n73
Plagiochila_sp	621	621-Plagiochila_sp	g20883.t1	g20883_t1_0_Plagiochila_sp._621	bacterial	OG0000123	n73
Tritomaria_exsectiformis	966	966-Tritomaria_exsectiformis	g27040.t1	g27040_t1_0_Tritomaria_exsectiformis_966	bacterial	OG0000123	n73
Plicanthus_hirtellus	963	963-Plicanthus_hirtellus	jg15070.t1	jg15070_t1_0_Plicanthus_hirtellus_963	bacterial	OG0000123	n73
Tetralophozia_filiformis	965	965-Tetralophozia_filiformis	g10315.t1	g10315_t1_0_Tetralophozia_filiformis_965	bacterial	OG0000123	n73
Plagiochila_semidecurrens	369	369-Plagiochila_semidecurrens	g29989.t1	g29989_t1_0_Plagiochila_semidecurrens_369	bacterial	OG0000123	n73
Plagiochila_semidecurrens	369	369-Plagiochila_semidecurrens	g13123.t1	g13123_t1_0_Plagiochila_semidecurrens_369	bacterial	OG0000123	n73
Ptilidium_ciliare	225	225-Ptilidium_ciliare	jg15362.t1	jg15362_t1_0_Ptilidium_ciliare_225	bacterial	OG0000123	n73
Ptilidium_ciliare	225	225-Ptilidium_ciliare	jg20514.t1	jg20514_t1_0_Ptilidium_ciliare_225	bacterial	OG0000123	n73
Ptilidium_ciliare	225	225-Ptilidium_ciliare	jg10490.t1	jg10490_t1_0_Ptilidium_ciliare_225	bacterial	OG0000123	n73
Ptilidium_ciliare	225	225-Ptilidium_ciliare	jg211.t1	jg211_t1_0_Ptilidium_ciliare_225	bacterial	OG0000123	n73
Gackstroemia_magellanica	604	604-Gackstroemia_magellanica	g10949.t1	g10949_t1_0_Gackstroemia_magellanica_604	bacterial	OG0000123	n73
Pleurozia_purpurea	891	891-Pleurozia_purpurea	jg29103.t1	jg29103_t1_0_Pleurozia_purpurea_891	bacterial	OG0000123	n73
Pleurozia_purpurea	891	891-Pleurozia_purpurea	jg14496.t1	jg14496_t1_0_Pleurozia_purpurea_891	bacterial	OG0000123	n73
Pleurozia_purpurea	891	891-Pleurozia_purpurea	jg33866.t1	jg33866_t1_0_Pleurozia_purpurea_891	bacterial	OG0000123	n73
Pleurozia_purpurea	891	891-Pleurozia_purpurea	jg33868.t1	jg33868_t1_0_Pleurozia_purpurea_891	bacterial	OG0000123	n73
Pleurozia_purpurea	891	891-Pleurozia_purpurea	jg33874.t1	jg33874_t1_0_Pleurozia_purpurea_891	bacterial	OG0000123	n73
Ptilidium_ciliare	225	225-Ptilidium_ciliare	jg16731.t1	jg16731_t1_0_Ptilidium_ciliare_225	bacterial	OG0000123	n73
Ptilidium_ciliare	225	225-Ptilidium_ciliare	jg7006.t1	jg7006_t1_0_Ptilidium_ciliare_225	bacterial	OG0000123	n73
Ptilidium_ciliare	225	225-Ptilidium_ciliare	jg8878.t1	jg8878_t1_0_Ptilidium_ciliare_225	bacterial	OG0000123	n73
Ptilidium_ciliare	225	225-Ptilidium_ciliare	jg17645.t1	jg17645_t1_0_Ptilidium_ciliare_225	bacterial	OG0000123	n73
Acrolejeunea_sandvicensis	888	888-Acrolejeunea_sandvicensis	jg1022.t1	jg1022_t1_0_Acrolejeunea_sandvicensis_888	bacterial	OG0000123	n176
Acrolejeunea_sandvicensis	888	888-Acrolejeunea_sandvicensis	jg9460.t1	jg9460_t1_0_Acrolejeunea_sandvicensis_888	bacterial	OG0000123	n176
Acrolejeunea_sandvicensis	888	888-Acrolejeunea_sandvicensis	jg21353.t1	jg21353_t1_0_Acrolejeunea_sandvicensis_888	bacterial	OG0000123	n176
Acrolejeunea_sandvicensis	888	888-Acrolejeunea_sandvicensis	jg21351.t1	jg21351_t1_0_Acrolejeunea_sandvicensis_888	bacterial	OG0000123	n176
Acrolejeunea_sandvicensis	888	888-Acrolejeunea_sandvicensis	jg21352.t1	jg21352_t1_0_Acrolejeunea_sandvicensis_888	bacterial	OG0000123	n176
Porella_platyphylla	630	630-Porella_platyphylla	g17297.t1	g17297_t1_0_Porella_platyphylla_630	bacterial	OG0000123	n176
Frullania_moniliata	957	957-Frullania_moniliata	g393.t1	g393_t1_0_Frullania_moniliata_957	bacterial	OG0000123	n176
Frullania_moniliata	957	957-Frullania_moniliata	g3943.t1	g3943_t1_0_Frullania_moniliata_957	bacterial	OG0000123	n176
Frullania_moniliata	957	957-Frullania_moniliata	g4827.t1	g4827_t1_0_Frullania_moniliata_957	bacterial	OG0000123	n176
Porella_caespitans_var_nipponica	1017	1017-Porella_caespitans_var_nipponica	jg16601.t1	jg16601_t1_0_Porella_caespitans_var._nipponica_1017	bacterial	OG0000123	n176
Porella_platyphylla	630	630-Porella_platyphylla	g12517.t1	g12517_t1_0_Porella_platyphylla_630	bacterial	OG0000123	n176
Pallavicinia_ambigua	912	912-Pallavicinia_ambigua	jg21864.t1	jg21864_t1_0_Pallavicinia_ambigua_912	bacterial	OG0000123	n176
Pallavicinia_ambigua	912	912-Pallavicinia_ambigua	jg15368.t1	jg15368_t1_0_Pallavicinia_ambigua_912	bacterial	OG0000123	n176
Pallavicinia_ambigua	912	912-Pallavicinia_ambigua	jg20574.t1	jg20574_t1_0_Pallavicinia_ambigua_912	bacterial	OG0000123	n176
Jungermannia_erectum	955	955-Jungermannia_erectum	jg13698.t1	jg13698_t1_0_Jungermannia_erectum_955	bacterial	OG0000123	n176
Noteroclada_confluens	625	625-Noteroclada_confluens	g25752.t1	g25752_t1_0_Noteroclada_confluens_625	bacterial	OG0000123	n176
Pleurozia_purpurea	891	891-Pleurozia_purpurea	jg53016.t1	jg53016_t1_0_Pleurozia_purpurea_891	bacterial	OG0000123	n176
Gackstroemia_magellanica	604	604-Gackstroemia_magellanica	g19904.t1	g19904_t1_0_Gackstroemia_magellanica_604	bacterial	OG0000123	n176
Gackstroemia_magellanica	604	604-Gackstroemia_magellanica	g14221.t1	g14221_t1_0_Gackstroemia_magellanica_604	bacterial	OG0000123	n176
Gackstroemia_magellanica	604	604-Gackstroemia_magellanica	g12623.t1	g12623_t1_0_Gackstroemia_magellanica_604	bacterial	OG0000123	n176
Scapania_nepalensis	359	359-Scapania_nepalensis	g16978.t1	g16978_t1_0_Scapania_nepalensis_359	bacterial	OG0000123	n176
Vetaforma_dusenii	620	620-Vetaforma_dusenii	g10273.t1	g10273_t1_0_Vetaforma_dusenii_620	bacterial	OG0000123	n176
Scapania_nepalensis	359	359-Scapania_nepalensis	g27640.t1	g27640_t1_0_Scapania_nepalensis_359	bacterial	OG0000123	n176
Tritomaria_exsectiformis	966	966-Tritomaria_exsectiformis	g797.t1	g797_t1_0_Tritomaria_exsectiformis_966	bacterial	OG0000123	n176
Mesoptychia_sp	623	623-Mesoptychia_sp	g18270.t1	g18270_t1_0_Mesoptychia_sp._623	bacterial	OG0000123	n176
Bazzania_tridens	1026	1026-Bazzania_tridens	jg22891.t1	jg22891_t1_0_Bazzania_tridens_1026	bacterial	OG0000123	n176
Bazzania_tridens	1026	1026-Bazzania_tridens	jg8084.t1	jg8084_t1_0_Bazzania_tridens_1026	bacterial	OG0000123	n176
Plagiochila_sp	621	621-Plagiochila_sp	g7224.t1	g7224_t1_0_Plagiochila_sp._621	bacterial	OG0000123	n176
Lepidozia_reptans	961	961-Lepidozia_reptans	g15055.t1	g15055_t1_0_Lepidozia_reptans_961	bacterial	OG0000123	n176
Bazzania_tridens	1026	1026-Bazzania_tridens	jg23279.t1	jg23279_t1_0_Bazzania_tridens_1026	bacterial	OG0000123	n176
Scapania_nepalensis	359	359-Scapania_nepalensis	g34493.t1	g34493_t1_0_Scapania_nepalensis_359	bacterial	OG0000123	n176
Tetralophozia_filiformis	965	965-Tetralophozia_filiformis	g7540.t1	g7540_t1_0_Tetralophozia_filiformis_965	bacterial	OG0000123	n176
Mesoptychia_sp	623	623-Mesoptychia_sp	g8121.t1	g8121_t1_0_Mesoptychia_sp._623	bacterial	OG0000123	n176
Plicanthus_hirtellus	963	963-Plicanthus_hirtellus	jg9540.t1	jg9540_t1_0_Plicanthus_hirtellus_963	bacterial	OG0000123	n176
Tetralophozia_filiformis	965	965-Tetralophozia_filiformis	g10488.t1	g10488_t1_0_Tetralophozia_filiformis_965	bacterial	OG0000123	n176
Tritomaria_exsectiformis	966	966-Tritomaria_exsectiformis	g11956.t1	g11956_t1_0_Tritomaria_exsectiformis_966	bacterial	OG0000123	n176
Pallavicinia_ambigua	912	912-Pallavicinia_ambigua	jg23453.t1	jg23453_t1_0_Pallavicinia_ambigua_912	bacterial	OG0000123	n176
Pallavicinia_ambigua	912	912-Pallavicinia_ambigua	jg995.t1	jg995_t1_0_Pallavicinia_ambigua_912	bacterial	OG0000123	n176
Pallavicinia_ambigua	912	912-Pallavicinia_ambigua	jg994.t1	jg994_t1_0_Pallavicinia_ambigua_912	bacterial	OG0000123	n176
Pallavicinia_ambigua	912	912-Pallavicinia_ambigua	jg11714.t1	jg11714_t1_0_Pallavicinia_ambigua_912	bacterial	OG0000123	n176
Pallavicinia_ambigua	912	912-Pallavicinia_ambigua	jg15444.t1	jg15444_t1_0_Pallavicinia_ambigua_912	bacterial	OG0000123	n176
Pallavicinia_ambigua	912	912-Pallavicinia_ambigua	jg15443.t1	jg15443_t1_0_Pallavicinia_ambigua_912	bacterial	OG0000123	n176
Noteroclada_confluens	625	625-Noteroclada_confluens	g36572.t1	g36572_t1_0_Noteroclada_confluens_625	bacterial	OG0000123	n176
Pallavicinia_ambigua	912	912-Pallavicinia_ambigua	jg9027.t1	jg9027_t1_0_Pallavicinia_ambigua_912	bacterial	OG0000123	n176
Pallavicinia_ambigua	912	912-Pallavicinia_ambigua	jg9025.t1	jg9025_t1_0_Pallavicinia_ambigua_912	bacterial	OG0000123	n176
Lunularia_cruciata	231	231-Lunularia_cruciata	jg17292.t1	jg17292_t1_0_Lunularia_cruciata_231	bacterial	OG0023329	n0
Lunularia_cruciata	231	231-Lunularia_cruciata	jg11535.t1	jg11535_t1_0_Lunularia_cruciata_231	bacterial	OG0023329	n0
Plagiochasma_appendiculatum	952	952-Plagiochasma_appendiculatum	jg9871.t1	jg9871_t1_0_Plagiochasma_appendiculatum_952	bacterial	OG0000123	n7
Lunularia_cruciata	231	231-Lunularia_cruciata	jg19398.t1	jg19398_t1_0_Lunularia_cruciata_231	bacterial	OG0000123	n7
Lunularia_cruciata	231	231-Lunularia_cruciata	jg17492.t1	jg17492_t1_0_Lunularia_cruciata_231	bacterial	OG0000123	n7
Cyathodium_cavernarum	908	908-Cyathodium_cavernarum	jg3931.t1	jg3931_t1_0_Cyathodium_cavernarum_908	bacterial	OG0000123	n7
Cyathodium_cavernarum	908	908-Cyathodium_cavernarum	jg2239.t1	jg2239_t1_0_Cyathodium_cavernarum_908	bacterial	OG0000123	n7
Cyathodium_cavernarum	908	908-Cyathodium_cavernarum	jg22518.t1	jg22518_t1_0_Cyathodium_cavernarum_908	bacterial	OG0000123	n7
Conocephalum_conicum	664	664-Conocephalum_conicum	jg8221.t1	jg8221_t1_0_Conocephalum_conicum_664	bacterial	OG0000123	n7
Conocephalum_conicum	664	664-Conocephalum_conicum	jg4684.t1	jg4684_t1_0_Conocephalum_conicum_664	bacterial	OG0000123	n7
Riccia_cavernosa	653	653-Riccia_cavernosa	jg39550.t1	jg39550_t1_0_Riccia_cavernosa_653	bacterial	OG0000123	n7
Conocephalum_conicum	664	664-Conocephalum_conicum	jg2435.t1	jg2435_t1_0_Conocephalum_conicum_664	bacterial	OG0000123	n7
Sphaerocarpos_donnellii	M158	M158-Sphaerocarpos_donnellii	g14517.t1	g14517_t1_0_Sphaerocarpos_donnellii_M158	bacterial	OG0000123	n7
Plagiochasma_appendiculatum	952	952-Plagiochasma_appendiculatum	jg17383.t1	jg17383_t1_0_Plagiochasma_appendiculatum_952	bacterial	OG0000123	n7
Lunularia_cruciata	231	231-Lunularia_cruciata	jg17328.t1	jg17328_t1_0_Lunularia_cruciata_231	bacterial	OG0000123	n7
Lunularia_cruciata	231	231-Lunularia_cruciata	jg18962.t1	jg18962_t1_0_Lunularia_cruciata_231	bacterial	OG0000123	n7
Lunularia_cruciata	231	231-Lunularia_cruciata	jg10596.t1	jg10596_t1_0_Lunularia_cruciata_231	bacterial	OG0000123	n7
Conocephalum_conicum	664	664-Conocephalum_conicum	jg17408.t1	jg17408_t1_0_Conocephalum_conicum_664	bacterial	OG0000123	n7
Ricciocarpos_natans	909	909-Ricciocarpos_natans	jg19102.t1	jg19102_t1_0_Ricciocarpos_natans_909	bacterial	OG0000123	n7
Ricciocarpos_natans	909	909-Ricciocarpos_natans	jg19104.t1	jg19104_t1_0_Ricciocarpos_natans_909	bacterial	OG0000123	n7
Marchantia_polymorpha_rudelaris	MpTAKv6	MpTAKv6-Marchantia_polymorpha_rudelaris	Mp4g04990.1	Mp4g04990_1_Marchantia_polymorpha_MTAK1	bacterial	OG0000123	n7
Marchantia_polymorpha_rudelaris	MpTAKv6	MpTAKv6-Marchantia_polymorpha_rudelaris	Mp6g11773.1	Mp6g11773_1_Marchantia_polymorpha_MTAK1	bacterial	OG0000123	n7
Marchantia_polymorpha_rudelaris	MpTAKv6	MpTAKv6-Marchantia_polymorpha_rudelaris	Mp6g11710.1	Mp6g11710_1_Marchantia_polymorpha_MTAK1	bacterial	OG0000123	n7
Marchantia_polymorpha_rudelaris	MpTAKv6	MpTAKv6-Marchantia_polymorpha_rudelaris	Mp4g04980.1	Mp4g04980_1_Marchantia_polymorpha_MTAK1	bacterial	OG0000123	n7
Marchantia_polymorpha_rudelaris	MpTAKv6	MpTAKv6-Marchantia_polymorpha_rudelaris	Mp4g19090.2	Mp4g19090_2_Marchantia_polymorpha_MTAK1	bacterial	OG0000123	n7
Marchantia_polymorpha_rudelaris	MpTAKv6	MpTAKv6-Marchantia_polymorpha_rudelaris	Mp4g19090.1	Mp4g19090_1_Marchantia_polymorpha_MTAK1	bacterial	OG0000123	n7
Marchantia_polymorpha_rudelaris	MpTAKv6	MpTAKv6-Marchantia_polymorpha_rudelaris	Mp4g05010.1	Mp4g05010_1_Marchantia_polymorpha_MTAK1	bacterial	OG0000123	n7
Marchantia_polymorpha_rudelaris	MpTAKv6	MpTAKv6-Marchantia_polymorpha_rudelaris	Mp4g05000.1	Mp4g05000_1_Marchantia_polymorpha_MTAK1	bacterial	OG0000123	n7
Marchantia_polymorpha_rudelaris	MpTAKv6	MpTAKv6-Marchantia_polymorpha_rudelaris	Mp4g05900.1	Mp4g05900_1_Marchantia_polymorpha_MTAK1	bacterial	OG0000123	n7
Marchantia_polymorpha_rudelaris	MpTAKv6	MpTAKv6-Marchantia_polymorpha_rudelaris	Mp3g21760.1	Mp3g21760_1_Marchantia_polymorpha_MTAK1	bacterial	OG0000123	n7
Marchantia_polymorpha_rudelaris	MpTAKv6	MpTAKv6-Marchantia_polymorpha_rudelaris	Mp4g04770.1	Mp4g04770_1_Marchantia_polymorpha_MTAK1	bacterial	OG0000123	n7
Marchantia_polymorpha_rudelaris	MpTAKv6	MpTAKv6-Marchantia_polymorpha_rudelaris	Mp4g04780.1	Mp4g04780_1_Marchantia_polymorpha_MTAK1	bacterial	OG0000123	n7
Marchantia_polymorpha_rudelaris	MpTAKv6	MpTAKv6-Marchantia_polymorpha_rudelaris	Mp5g21360.1	Mp5g21360_1_Marchantia_polymorpha_MTAK1	bacterial	OG0000123	n7
Sphaerocarpos_donnellii	M158	M158-Sphaerocarpos_donnellii	g6247.t1	g6247_t1_0_Sphaerocarpos_donnellii_M158	bacterial	OG0000123	n7
Marchantia_polymorpha_rudelaris	MpTAKv6	MpTAKv6-Marchantia_polymorpha_rudelaris	Mp3g18500.1	Mp3g18500_1_Marchantia_polymorpha_MTAK1	bacterial	OG0026138	n0
Riccia_cavernosa	653	653-Riccia_cavernosa	jg18712.t1	jg18712_t1_0_Riccia_cavernosa_653	bacterial	OG0000123	n7
Conocephalum_conicum	664	664-Conocephalum_conicum	jg4288.t1	jg4288_t1_0_Conocephalum_conicum_664	bacterial	OG0000123	n7
Cyathodium_cavernarum	908	908-Cyathodium_cavernarum	jg19220.t1	jg19220_t1_0_Cyathodium_cavernarum_908	bacterial	OG0000123	n7
Lunularia_cruciata	231	231-Lunularia_cruciata	jg9705.t1	jg9705_t1_0_Lunularia_cruciata_231	bacterial	OG0000123	n7
Marchantia_polymorpha_rudelaris	MpTAKv6	MpTAKv6-Marchantia_polymorpha_rudelaris	Mp4g10600.1	Mp4g10600_1_Marchantia_polymorpha_MTAK1	bacterial	OG0000123	n7
Tritomaria_exsectiformis	966	966-Tritomaria_exsectiformis	g6350.t1	g6350_t1_0_Tritomaria_exsectiformis_966	fungi	OG0001064	n3
Tritomaria_exsectiformis	966	966-Tritomaria_exsectiformis	g6763.t1	g6763_t1_0_Tritomaria_exsectiformis_966	fungi	OG0001064	n3
Tritomaria_exsectiformis	966	966-Tritomaria_exsectiformis	g2869.t1	g2869_t1_0_Tritomaria_exsectiformis_966	fungi	OG0001064	n3
Tritomaria_exsectiformis	966	966-Tritomaria_exsectiformis	g26880.t1	g26880_t1_0_Tritomaria_exsectiformis_966	fungi	OG0001064	n3
Plicanthus_hirtellus	963	963-Plicanthus_hirtellus	jg24933.t1	jg24933_t1_0_Plicanthus_hirtellus_963	fungi	OG0001064	n3
Tetralophozia_filiformis	965	965-Tetralophozia_filiformis	g5726.t1	g5726_t1_0_Tetralophozia_filiformis_965	fungi	OG0001064	n3
Scapania_nepalensis	359	359-Scapania_nepalensis	g5117.t1	g5117_t1_0_Scapania_nepalensis_359	fungi	OG0001064	n3
Scapania_nepalensis	359	359-Scapania_nepalensis	g18446.t1	g18446_t1_0_Scapania_nepalensis_359	fungi	OG0001064	n3
Scapania_nepalensis	359	359-Scapania_nepalensis	g33362.t1	g33362_t1_0_Scapania_nepalensis_359	fungi	OG0001064	n3
Scapania_nepalensis	359	359-Scapania_nepalensis	g19106.t1	g19106_t1_0_Scapania_nepalensis_359	fungi	OG0001064	n3
Scapania_nepalensis	359	359-Scapania_nepalensis	g21669.t1	g21669_t1_0_Scapania_nepalensis_359	fungi	OG0001064	n3
Scapania_nepalensis	359	359-Scapania_nepalensis	g5367.t1	g5367_t1_0_Scapania_nepalensis_359	fungi	OG0001064	n3
Blasia_pusilla	890	890-Blasia_pusilla	jg8451.t1	jg8451_t1_0_Blasia_pusilla_890	fungi	OG0001064	n3
Blasia_pusilla	349	349-Blasia_pusilla	g9682.t1	g9682_t1_0_Blasia_pusilla_349	fungi	OG0001064	n3
Blasia_pusilla	890	890-Blasia_pusilla	jg8444.t1	jg8444_t1_0_Blasia_pusilla_890	fungi	OG0001064	n3
Blasia_pusilla	349	349-Blasia_pusilla	g16271.t1	g16271_t1_0_Blasia_pusilla_349	fungi	OG0001064	n3
Blasia_pusilla	349	349-Blasia_pusilla	g6568.t1	g6568_t1_0_Blasia_pusilla_349	fungi	OG0001064	n3
Blasia_pusilla	890	890-Blasia_pusilla	jg17893.t1	jg17893_t1_0_Blasia_pusilla_890	fungi	OG0001064	n3
Blasia_pusilla	890	890-Blasia_pusilla	jg17889.t1	jg17889_t1_0_Blasia_pusilla_890	fungi	OG0001064	n3
Blasia_pusilla	349	349-Blasia_pusilla	g6570.t1	g6570_t1_0_Blasia_pusilla_349	fungi	OG0001064	n3
Lunularia_cruciata	231	231-Lunularia_cruciata	jg4094.t1	jg4094_t1_0_Lunularia_cruciata_231	fungi	OG0001064	n3
Lunularia_cruciata	231	231-Lunularia_cruciata	jg12280.t1	jg12280_t1_0_Lunularia_cruciata_231	fungi	OG0001064	n3
Lunularia_cruciata	231	231-Lunularia_cruciata	jg12279.t1	jg12279_t1_0_Lunularia_cruciata_231	fungi	OG0001064	n3
Lunularia_cruciata	231	231-Lunularia_cruciata	jg19556.t1	jg19556_t1_0_Lunularia_cruciata_231	fungi	OG0001064	n3
Conocephalum_conicum	664	664-Conocephalum_conicum	jg5151.t1	jg5151_t1_0_Conocephalum_conicum_664	fungi	OG0001064	n3
Marchantia_polymorpha_rudelaris	MpTAKv6	MpTAKv6-Marchantia_polymorpha_rudelaris	Mp3g19720.1	Mp3g19720_1_Marchantia_Polymorpha_MTAK1	fungi	OG0001064	n3
Marchantia_polymorpha_rudelaris	MpTAKv6	MpTAKv6-Marchantia_polymorpha_rudelaris	Mp6g04400.1	Mp6g04400_1_Marchantia_Polymorpha_MTAK1	fungi	OG0001064	n3
Marchantia_polymorpha_rudelaris	MpTAKv6	MpTAKv6-Marchantia_polymorpha_rudelaris	Mp6g04380.1	Mp6g04380_1_Marchantia_Polymorpha_MTAK1	fungi	OG0001064	n3
Marchantia_polymorpha_rudelaris	MpTAKv6	MpTAKv6-Marchantia_polymorpha_rudelaris	Mp6g04320.1	Mp6g04320_1_Marchantia_Polymorpha_MTAK1	fungi	OG0001064	n3
Marchantia_polymorpha_rudelaris	MpTAKv6	MpTAKv6-Marchantia_polymorpha_rudelaris	Mp2g24750.1	Mp2g24750_1_Marchantia_Polymorpha_MTAK1	fungi	OG0001064	n3
Marchantia_polymorpha_rudelaris	MpTAKv6	MpTAKv6-Marchantia_polymorpha_rudelaris	Mp6g04630.1	Mp6g04630_1_Marchantia_Polymorpha_MTAK1	fungi	OG0001064	n3
Marchantia_polymorpha_rudelaris	MpTAKv6	MpTAKv6-Marchantia_polymorpha_rudelaris	Mp6g04600.1	Mp6g04600_1_Marchantia_Polymorpha_MTAK1	fungi	OG0001064	n3
Marchantia_polymorpha_rudelaris	MpTAKv6	MpTAKv6-Marchantia_polymorpha_rudelaris	Mp6g04605.1	Mp6g04605_1_Marchantia_Polymorpha_MTAK1	fungi	OG0001064	n3
Marchantia_polymorpha_rudelaris	MpTAKv6	MpTAKv6-Marchantia_polymorpha_rudelaris	Mp6g04580.1	Mp6g04580_1_Marchantia_Polymorpha_MTAK1	fungi	OG0001064	n3
Marchantia_polymorpha_rudelaris	MpTAKv6	MpTAKv6-Marchantia_polymorpha_rudelaris	Mp6g04610.1	Mp6g04610_1_Marchantia_Polymorpha_MTAK1	fungi	OG0001064	n3
Lepidozia_reptans	961	961-Lepidozia_reptans	g8407.t1	g8407_t1_0_Lepidozia_reptans_961	fungi	OG0001064	n3
Tetralophozia_filiformis	965	965-Tetralophozia_filiformis	g5694.t1	g5694_t1_0_Tetralophozia_filiformis_965	fungi	OG0001064	n3
Haplomitrium_mnioides	302	302-Haplomitrium_mnioides	jg12729.t1	jg12729_t1_0_Haplomitrium_mnioides_302	fungi	OG0001064	n3
Haplomitrium_mnioides	302	302-Haplomitrium_mnioides	jg25878.t1	jg25878_t1_0_Haplomitrium_mnioides_302	fungi	OG0001064	n3
Haplomitrium_mnioides	302	302-Haplomitrium_mnioides	jg722.t1	jg722_t1_0_Haplomitrium_mnioides_302	fungi	OG0001064	n3
Haplomitrium_mnioides	302	302-Haplomitrium_mnioides	jg4103.t1	jg4103_t1_0_Haplomitrium_mnioides_302	fungi	OG0001064	n3
Haplomitrium_mnioides	302	302-Haplomitrium_mnioides	jg24588.t1	jg24588_t1_0_Haplomitrium_mnioides_302	fungi	OG0001064	n3
Haplomitrium_mnioides	302	302-Haplomitrium_mnioides	jg21651.t1	jg21651_t1_0_Haplomitrium_mnioides_302	fungi	OG0001064	n3
Haplomitrium_mnioides	302	302-Haplomitrium_mnioides	jg19246.t1	jg19246_t1_0_Haplomitrium_mnioides_302	fungi	OG0001064	n3
Haplomitrium_mnioides	302	302-Haplomitrium_mnioides	jg24073.t1	jg24073_t1_0_Haplomitrium_mnioides_302	fungi	OG0001064	n3
Plagiochila_semidecurrens	369	369-Plagiochila_semidecurrens	g5430.t1	g5430_t1_0_Plagiochila_semidecurrens_369	fungi	OG0002257	n0
Mesoptychia_sp	623	623-Mesoptychia_sp	g3503.t1	g3503_t1_0_Mesoptychia_sp._623	fungi	OG0002257	n0
Plagiochila_sp	621	621-Plagiochila_sp	g20384.t1	g20384_t1_0_Plagiochila_sp._621	fungi	OG0002257	n0
Plagiochila_sp	621	621-Plagiochila_sp	g20381.t1	g20381_t1_0_Plagiochila_sp._621	fungi	OG0002257	n0
Plagiochila_sp	621	621-Plagiochila_sp	g20383.t1	g20383_t1_0_Plagiochila_sp._621	fungi	OG0002257	n0
Acrobolbus_urvilleanus	626	626-Acrobolbus_urvilleanus	g37257.t1	g37257_t1_0_Acrobolbus_urvilleanus_626	fungi	OG0002257	n0
Bazzania_tridens	1026	1026-Bazzania_tridens	jg14674.t1	jg14674_t1_0_Bazzania_tridens_1026	fungi	OG0002257	n0
Bazzania_tridens	1026	1026-Bazzania_tridens	jg5937.t1	jg5937_t1_0_Bazzania_tridens_1026	fungi	OG0002257	n0
Fossombronia_cristula	889	889-Fossombronia_cristula	jg24653.t1	jg24653_t1_0_Fossombronia_cristula_889	fungi	OG0002257	n0
Fossombronia_cristula	889	889-Fossombronia_cristula	jg16757.t1	jg16757_t1_0_Fossombronia_cristula_889	fungi	OG0002257	n0
Fossombronia_cristula	889	889-Fossombronia_cristula	jg35863.t1	jg35863_t1_0_Fossombronia_cristula_889	fungi	OG0002257	n0
Fossombronia_cristula	889	889-Fossombronia_cristula	jg34278.t1	jg34278_t1_0_Fossombronia_cristula_889	fungi	OG0002257	n0
Fossombronia_cristula	889	889-Fossombronia_cristula	jg10228.t1	jg10228_t1_0_Fossombronia_cristula_889	fungi	OG0002257	n0
Fossombronia_cristula	889	889-Fossombronia_cristula	jg7158.t1	jg7158_t1_0_Fossombronia_cristula_889	fungi	OG0002257	n0
Fossombronia_cristula	889	889-Fossombronia_cristula	jg3656.t1	jg3656_t1_0_Fossombronia_cristula_889	fungi	OG0002257	n0
Fossombronia_cristula	889	889-Fossombronia_cristula	jg36929.t1	jg36929_t1_0_Fossombronia_cristula_889	fungi	OG0002257	n0
Noteroclada_confluens	625	625-Noteroclada_confluens	g50035.t1	g50035_t1_0_Noteroclada_confluens_625	fungi	OG0002257	n0
Noteroclada_confluens	625	625-Noteroclada_confluens	g25474.t1	g25474_t1_0_Noteroclada_confluens_625	fungi	OG0002257	n0
Noteroclada_confluens	625	625-Noteroclada_confluens	g17850.t1	g17850_t1_0_Noteroclada_confluens_625	fungi	OG0002257	n0
Noteroclada_confluens	625	625-Noteroclada_confluens	g34772.t1	g34772_t1_0_Noteroclada_confluens_625	fungi	OG0002257	n0
Noteroclada_confluens	625	625-Noteroclada_confluens	g11331.t1	g11331_t1_0_Noteroclada_confluens_625	fungi	OG0002257	n0
Noteroclada_confluens	625	625-Noteroclada_confluens	g20998.t1	g20998_t1_0_Noteroclada_confluens_625	fungi	OG0002257	n0
Noteroclada_confluens	625	625-Noteroclada_confluens	g17716.t1	g17716_t1_0_Noteroclada_confluens_625	fungi	OG0002257	n0
Noteroclada_confluens	625	625-Noteroclada_confluens	g42643.t1	g42643_t1_0_Noteroclada_confluens_625	fungi	OG0002257	n0
Noteroclada_confluens	625	625-Noteroclada_confluens	g9723.t1	g9723_t1_0_Noteroclada_confluens_625	fungi	OG0002257	n0
Noteroclada_confluens	625	625-Noteroclada_confluens	g43158.t1	g43158_t1_0_Noteroclada_confluens_625	fungi	OG0002257	n0
Noteroclada_confluens	625	625-Noteroclada_confluens	g51037.t1	g51037_t1_0_Noteroclada_confluens_625	fungi	OG0002257	n0
Plagiochasma_appendiculatum	952	952-Plagiochasma_appendiculatum	jg7278.t1	jg7278_t1_0_Plagiochasma_appendiculatum_952	fungi	OG0002257	n0
Plagiochasma_appendiculatum	952	952-Plagiochasma_appendiculatum	jg7326.t1	jg7326_t1_0_Plagiochasma_appendiculatum_952	fungi	OG0002257	n0
Plagiochasma_appendiculatum	952	952-Plagiochasma_appendiculatum	jg3880.t1	jg3880_t1_0_Plagiochasma_appendiculatum_952	fungi	OG0002257	n0
Plagiochasma_appendiculatum	952	952-Plagiochasma_appendiculatum	jg10813.t1	jg10813_t1_0_Plagiochasma_appendiculatum_952	fungi	OG0002257	n0
Ricciocarpos_natans	909	909-Ricciocarpos_natans	jg13907.t1	jg13907_t1_0_Ricciocarpos_natans_909	fungi	OG0002257	n0
Ricciocarpos_natans	909	909-Ricciocarpos_natans	jg13030.t1	jg13030_t1_0_Ricciocarpos_natans_909	fungi	OG0002257	n0
Ricciocarpos_natans	909	909-Ricciocarpos_natans	jg3746.t1	jg3746_t1_0_Ricciocarpos_natans_909	fungi	OG0002257	n0
Ricciocarpos_natans	909	909-Ricciocarpos_natans	jg13080.t1	jg13080_t1_0_Ricciocarpos_natans_909	fungi	OG0002257	n0
Porella_chinensis	1025	1025-Porella_chinensis	jg8071.t1	jg8071_t1_0_Porella_chinensis_1025	diterpene	OG0006511	n0
Porella_platyphylla	630	630-Porella_platyphylla	g13869.t1	g13869_t1_0_Porella_platyphylla_630	diterpene	OG0006511	n0
Porella_chinensis	1025	1025-Porella_chinensis	jg37067.t1	jg37067_t1_0_Porella_chinensis_1025	diterpene	OG0006511	n0
Lepidozia_reptans	961	961-Lepidozia_reptans	g13410.t1	g13410_t1_0_Lepidozia_reptans_961	diterpene	OG0006511	n0
Herbertus_kurzii	906	906-Herbertus_kurzii	jg25657.t1	jg25657_t1_0_Herbertus_kurzii_906	diterpene	OG0006511	n0
Lepidozia_reptans	961	961-Lepidozia_reptans	g5167.t1	g5167_t1_0_Lepidozia_reptans_961	diterpene	OG0006511	n0
Lepidozia_reptans	961	961-Lepidozia_reptans	g15891.t1	g15891_t1_0_Lepidozia_reptans_961	diterpene	OG0006511	n0
Acrobolbus_urvilleanus	626	626-Acrobolbus_urvilleanus	g20015.t1	g20015_t1_0_Acrobolbus_urvilleanus_626	diterpene	OG0006511	n0
Acrobolbus_urvilleanus	626	626-Acrobolbus_urvilleanus	g19016.t1	g19016_t1_0_Acrobolbus_urvilleanus_626	diterpene	OG0006511	n0
Plicanthus_hirtellus	963	963-Plicanthus_hirtellus	jg21038.t1	jg21038_t1_0_Plicanthus_hirtellus_963	diterpene	OG0006511	n0
Mesoptychia_sp	623	623-Mesoptychia_sp	g5543.t1	g5543_t1_0_Mesoptychia_sp._623	diterpene	OG0006511	n0
Haplomitrium_mnioides	302	302-Haplomitrium_mnioides	jg4519.t1	jg4519_t1_0_Haplomitrium_mnioides_302	diterpene	OG0011724	n0
Plagiochila_sp	621	621-Plagiochila_sp	g3634.t1	g3634_t1_0_Plagiochila_sp._621	diterpene	OG0011724	n0
Jungermannia_erectum	955	955-Jungermannia_erectum	jg30479.t1	jg30479_t1_0_Jungermannia_erectum_955	diterpene	OG0011724	n0
Jungermannia_erectum	955	955-Jungermannia_erectum	jg15924.t1	jg15924_t1_0_Jungermannia_erectum_955	diterpene	OG0011724	n0
Scapania_nepalensis	359	359-Scapania_nepalensis	g27478.t1	g27478_t1_0_Scapania_nepalensis_359	diterpene	OG0011724	n0
Mesoptychia_sp	623	623-Mesoptychia_sp	g19653.t1	g19653_t1_0_Mesoptychia_sp._623	diterpene	OG0011724	n0
Pleurozia_purpurea	891	891-Pleurozia_purpurea	jg7256.t1	jg7256_t1_0_Pleurozia_purpurea_891	diterpene	OG0011724	n0
Pleurozia_purpurea	891	891-Pleurozia_purpurea	jg52571.t1	jg52571_t1_0_Pleurozia_purpurea_891	diterpene	OG0011724	n0
Pleurozia_purpurea	891	891-Pleurozia_purpurea	jg52577.t1	jg52577_t1_0_Pleurozia_purpurea_891	diterpene	OG0011724	n0
Jungermannia_erectum	955	955-Jungermannia_erectum	jg7870.t1	jg7870_t1_0_Jungermannia_erectum_955	diterpene	OG0000415	n1
Jungermannia_erectum	955	955-Jungermannia_erectum	jg15969.t1	jg15969_t1_0_Jungermannia_erectum_955	diterpene	OG0000415	n1
Haplomitrium_mnioides	302	302-Haplomitrium_mnioides	jg15588.t1	jg15588_t1_0_Haplomitrium_mnioides_302	diterpene	OG0003692	n16
Acrolejeunea_sandvicensis	888	888-Acrolejeunea_sandvicensis	jg14501.t1	jg14501_t1_0_Acrolejeunea_sandvicensis_888	diterpene	OG0000415	n1
Odontoschisma_sphagni	343	343-Odontoschisma_sphagni	g10307.t1	g10307_t1_0_Odontoschisma_sphagni_343	diterpene	OG0000415	n1
Acrobolbus_urvilleanus	626	626-Acrobolbus_urvilleanus	g24013.t1	g24013_t1_0_Acrobolbus_urvilleanus_626	diterpene	OG0000415	n1
Frullania_moniliata	957	957-Frullania_moniliata	g19255.t1	g19255_t1_0_Frullania_moniliata_957	diterpene	OG0000415	n1
Fossombronia_cristula	889	889-Fossombronia_cristula	jg37011.t1	jg37011_t1_0_Fossombronia_cristula_889	diterpene	OG0000415	n1
Fossombronia_cristula	889	889-Fossombronia_cristula	jg20072.t1	jg20072_t1_0_Fossombronia_cristula_889	diterpene	OG0000415	n1
Metzgeria_furcata	368	368-Metzgeria_furcata	g11806.t1	g11806_t1_0_Metzgeria_furcata_368	diterpene	OG0000415	n1
Plagiochila_sp	621	621-Plagiochila_sp	g9102.t1	g9102_t1_0_Plagiochila_sp._621	diterpene	OG0000415	n1
Vetaforma_dusenii	620	620-Vetaforma_dusenii	g25498.t1	g25498_t1_0_Vetaforma_dusenii_620	diterpene	OG0000415	n1
Lepidozia_reptans	961	961-Lepidozia_reptans	g1405.t1	g1405_t1_0_Lepidozia_reptans_961	diterpene	OG0000415	n1
Porella_platyphylla	630	630-Porella_platyphylla	g15062.t1	g15062_t1_0_Porella_platyphylla_630	diterpene	OG0000415	n1
Plagiochila_semidecurrens	369	369-Plagiochila_semidecurrens	g8672.t1	g8672_t1_0_Plagiochila_semidecurrens_369	diterpene	OG0000415	n1
Herbertus_kurzii	906	906-Herbertus_kurzii	jg28424.t1	jg28424_t1_0_Herbertus_kurzii_906	diterpene	OG0000415	n1
Vetaforma_dusenii	620	620-Vetaforma_dusenii	g27086.t1	g27086_t1_0_Vetaforma_dusenii_620	diterpene	OG0000415	n1
Vetaforma_dusenii	620	620-Vetaforma_dusenii	g10379.t1	g10379_t1_0_Vetaforma_dusenii_620	diterpene	OG0000415	n1
Mesoptychia_sp	623	623-Mesoptychia_sp	g3862.t1	g3862_t1_0_Mesoptychia_sp._623	diterpene	OG0000415	n1
Odontoschisma_sphagni	343	343-Odontoschisma_sphagni	g10295.t1	g10295_t1_0_Odontoschisma_sphagni_343	diterpene	OG0000415	n1
Sphaerocarpos_donnellii	M158	M158-Sphaerocarpos_donnellii	g6629.t1	g6629_t1_0_Sphaerocarpos_donnellii_M158	diterpene	OG0000415	n1
Blasia_pusilla	890	890-Blasia_pusilla	jg5525.t1	jg5525_t1_0_Blasia_pusilla_890	diterpene	OG0000415	n1
Sphaerocarpos_donnellii	M158	M158-Sphaerocarpos_donnellii	g21714.t1	g21714_t1_0_Sphaerocarpos_donnellii_M158	diterpene	OG0000415	n1
Sphaerocarpos_donnellii	M158	M158-Sphaerocarpos_donnellii	g19693.t1	g19693_t1_0_Sphaerocarpos_donnellii_M158	diterpene	OG0000415	n1
Cyathodium_cavernarum	908	908-Cyathodium_cavernarum	jg25605.t1	jg25605_t1_0_Cyathodium_cavernarum_908	diterpene	OG0000415	n1
Marchantia_polymorpha_rudelaris	MpTAKv6	MpTAKv6-Marchantia_polymorpha_rudelaris	Mp7g00020.2	Mp7g00020_2_Marchantia_Polymorpha_MTAK1	diterpene	OG0000415	n1
Marchantia_polymorpha_rudelaris	MpTAKv6	MpTAKv6-Marchantia_polymorpha_rudelaris	Mp7g00020.1	Mp7g00020_1_Marchantia_Polymorpha_MTAK1	diterpene	OG0000415	n1
Conocephalum_conicum	664	664-Conocephalum_conicum	jg1391.t1	jg1391_t1_0_Conocephalum_conicum_664	diterpene	OG0000415	n1
Conocephalum_conicum	664	664-Conocephalum_conicum	jg11395.t1	jg11395_t1_0_Conocephalum_conicum_664	diterpene	OG0000415	n1
Plagiochasma_appendiculatum	952	952-Plagiochasma_appendiculatum	jg14742.t1	jg14742_t1_0_Plagiochasma_appendiculatum_952	diterpene	OG0000415	n1
Marchantia_polymorpha_rudelaris	MpTAKv6	MpTAKv6-Marchantia_polymorpha_rudelaris	Mp2g24640.1	Mp2g24640_1_Marchantia_Polymorpha_MTAK1	diterpene	OG0000415	n1
Marchantia_polymorpha_rudelaris	MpTAKv6	MpTAKv6-Marchantia_polymorpha_rudelaris	Mp2g24630.1	Mp2g24630_1_Marchantia_Polymorpha_MTAK1	diterpene	OG0000415	n1
Marchantia_polymorpha_rudelaris	MpTAKv6	MpTAKv6-Marchantia_polymorpha_rudelaris	Mp3g13150.1	Mp3g13150_1_Marchantia_Polymorpha_MTAK1	diterpene	OG0000415	n1
Noteroclada_confluens	625	625-Noteroclada_confluens	g40342.t1	g40342_t1_0_Noteroclada_confluens_625	diterpene	OG0000415	n1
Noteroclada_confluens	625	625-Noteroclada_confluens	g38017.t1	g38017_t1_0_Noteroclada_confluens_625	diterpene	OG0000415	n1
Acrolejeunea_sandvicensis	888	888-Acrolejeunea_sandvicensis	jg17776.t1	jg17776_t1_0_Acrolejeunea_sandvicensis_888	diterpene	OG0000415	n1
Blasia_pusilla	349	349-Blasia_pusilla	g6245.t1	g6245_t1_0_Blasia_pusilla_349	diterpene	OG0000415	n120
Cyathodium_cavernarum	908	908-Cyathodium_cavernarum	jg21217.t1	jg21217_t1_0_Cyathodium_cavernarum_908	diterpene	OG0000415	n120
Riccia_cavernosa	653	653-Riccia_cavernosa	jg32438.t1	jg32438_t1_0_Riccia_cavernosa_653	diterpene	OG0000415	n120
Plagiochasma_appendiculatum	952	952-Plagiochasma_appendiculatum	jg7185.t1	jg7185_t1_0_Plagiochasma_appendiculatum_952	diterpene	OG0000415	n120
Marchantia_polymorpha_rudelaris	MpTAKv6	MpTAKv6-Marchantia_polymorpha_rudelaris	Mp2g07200.1	Mp2g07200_1_Marchantia_Polymorpha_MTAK1	diterpene	OG0000415	n120
Haplomitrium_mnioides	302	302-Haplomitrium_mnioides	jg17789.t1	jg17789_t1_0_Haplomitrium_mnioides_302	diterpene	OG0000415	n120
Fossombronia_cristula	889	889-Fossombronia_cristula	jg919.t1	jg919_t1_0_Fossombronia_cristula_889	diterpene	OG0000415	n1
Treubia_lacunosa	1016	1016-Treubia_lacunosa	jg17806.t1	jg17806_t1_0_Treubia_lacunosa_1016	diterpene	OG0000415	n120
Pleurozia_purpurea	891	891-Pleurozia_purpurea	jg53813.t1	jg53813_t1_0_Pleurozia_purpurea_891	diterpene	OG0000415	n1
Pleurozia_purpurea	891	891-Pleurozia_purpurea	jg54256.t1	jg54256_t1_0_Pleurozia_purpurea_891	diterpene	OG0000415	n1
Pleurozia_purpurea	891	891-Pleurozia_purpurea	jg51673.t1	jg51673_t1_0_Pleurozia_purpurea_891	diterpene	OG0000415	n1
Gackstroemia_magellanica	604	604-Gackstroemia_magellanica	g3312.t1	g3312_t1_0_Gackstroemia_magellanica_604	diterpene	OG0000415	n120
Pallavicinia_ambigua	912	912-Pallavicinia_ambigua	jg8197.t1	jg8197_t1_0_Pallavicinia_ambigua_912	diterpene	OG0000415	n120
Fossombronia_cristula	889	889-Fossombronia_cristula	jg20973.t1	jg20973_t1_0_Fossombronia_cristula_889	diterpene	OG0000415	n1
Plicanthus_hirtellus	963	963-Plicanthus_hirtellus	jg21381.t1	jg21381_t1_0_Plicanthus_hirtellus_963	diterpene	OG0000415	n1
Noteroclada_confluens	625	625-Noteroclada_confluens	g7228.t1	g7228_t1_0_Noteroclada_confluens_625	diterpene	OG0000415	n120
Pallavicinia_ambigua	912	912-Pallavicinia_ambigua	jg23412.t1	jg23412_t1_0_Pallavicinia_ambigua_912	diterpene	OG0000415	n120
Pallavicinia_ambigua	912	912-Pallavicinia_ambigua	jg15707.t1	jg15707_t1_0_Pallavicinia_ambigua_912	diterpene	OG0000415	n120
Ptilidium_ciliare	225	225-Ptilidium_ciliare	jg5674.t1	jg5674_t1_0_Ptilidium_ciliare_225	diterpene	OG0000415	n1
Porella_caespitans_var_nipponica	1017	1017-Porella_caespitans_var_nipponica	jg5725.t1	jg5725_t1_0_Porella_caespitans_var__nipponica_1017	diterpene	OG0000415	n1
Porella_platyphylla	630	630-Porella_platyphylla	g12970.t1	g12970_t1_0_Porella_platyphylla_630	diterpene	OG0000415	n1
Porella_caespitans_var_nipponica	1017	1017-Porella_caespitans_var_nipponica	jg12179.t1	jg12179_t1_0_Porella_caespitans_var__nipponica_1017	diterpene	OG0000415	n1
Porella_chinensis	1025	1025-Porella_chinensis	jg19622.t1	jg19622_t1_0_Porella_chinensis_1025	diterpene	OG0000415	n1
Tritomaria_exsectiformis	966	966-Tritomaria_exsectiformis	g2439.t1	g2439_t1_0_Tritomaria_exsectiformis_966	diterpene	OG0000415	n1
Odontoschisma_sphagni	343	343-Odontoschisma_sphagni	g7941.t1	g7941_t1_0_Odontoschisma_sphagni_343	diterpene	OG0000415	n1
Odontoschisma_sphagni	343	343-Odontoschisma_sphagni	g19650.t1	g19650_t1_0_Odontoschisma_sphagni_343	diterpene	OG0000415	n1
Acrobolbus_urvilleanus	626	626-Acrobolbus_urvilleanus	g4650.t1	g4650_t1_0_Acrobolbus_urvilleanus_626	diterpene	OG0000415	n1
Jungermannia_erectum	955	955-Jungermannia_erectum	jg23448.t1	jg23448_t1_0_Jungermannia_erectum_955	diterpene	OG0000415	n1
Mesoptychia_sp	623	623-Mesoptychia_sp	g17425.t1	g17425_t1_0_Mesoptychia_sp._623	diterpene	OG0000415	n1
Plagiochila_sp	621	621-Plagiochila_sp	g17885.t1	g17885_t1_0_Plagiochila_sp._621	diterpene	OG0000415	n1
Haplomitrium_mnioides	302	302-Haplomitrium_mnioides	jg13771.t1	jg13771_t1_0_Haplomitrium_mnioides_302	diterpene	OG0000415	n1
Blasia_pusilla	349	349-Blasia_pusilla	g3562.t1	g3562_t1_0_Blasia_pusilla_349	diterpene	OG0000415	n1
Cyathodium_cavernarum	908	908-Cyathodium_cavernarum	jg22156.t1	jg22156_t1_0_Cyathodium_cavernarum_908	diterpene	OG0000415	n1
Sphaerocarpos_donnellii	M158	M158-Sphaerocarpos_donnellii	g4560.t1	g4560_t1_0_Sphaerocarpos_donnellii_M158	diterpene	OG0000415	n1
Lunularia_cruciata	231	231-Lunularia_cruciata	jg203.t1	jg203_t1_0_Lunularia_cruciata_231	diterpene	OG0000415	n1
Marchantia_polymorpha_rudelaris	MpTAKv6	MpTAKv6-Marchantia_polymorpha_rudelaris	Mp6g05430.1	Mp6g05430_1_Marchantia_Polymorpha_MTAK1	diterpene	OG0000415	n1
Conocephalum_conicum	664	664-Conocephalum_conicum	jg14390.t1	jg14390_t1_0_Conocephalum_conicum_664	diterpene	OG0000415	n1
Ricciocarpos_natans	909	909-Ricciocarpos_natans	jg12221.t1	jg12221_t1_0_Ricciocarpos_natans_909	diterpene	OG0000415	n1
Riccia_cavernosa	653	653-Riccia_cavernosa	jg27554.t1	jg27554_t1_0_Riccia_cavernosa_653	diterpene	OG0000415	n1
Lunularia_cruciata	231	231-Lunularia_cruciata	jg6628.t1	jg6628_t1_0_Lunularia_cruciata_231	diterpene	OG0000415	n1
Plagiochasma_appendiculatum	952	952-Plagiochasma_appendiculatum	jg7632.t1	jg7632_t1_0_Plagiochasma_appendiculatum_952	diterpene	OG0000415	n1
Marchantia_polymorpha_rudelaris	MpTAKv6	MpTAKv6-Marchantia_polymorpha_rudelaris	Mp6g05950.1	Mp6g05950_1_Marchantia_Polymorpha_MTAK1	diterpene	OG0000415	n1
Conocephalum_conicum	664	664-Conocephalum_conicum	jg12423.t1	jg12423_t1_0_Conocephalum_conicum_664	diterpene	OG0000415	n1
Conocephalum_conicum	664	664-Conocephalum_conicum	jg12422.t1	jg12422_t1_0_Conocephalum_conicum_664	diterpene	OG0000415	n1
Ricciocarpos_natans	909	909-Ricciocarpos_natans	jg11476.t1	jg11476_t1_0_Ricciocarpos_natans_909	diterpene	OG0014193	n0
Riccia_cavernosa	653	653-Riccia_cavernosa	jg30128.t1	jg30128_t1_0_Riccia_cavernosa_653	diterpene	OG0000415	n1
